from,to,distance_km,base_time_min,speed_limit_kmh,road_type,one_way
0,20,0.2,0.9,30,B,true
0,87,0.4,1.6,40,A,true
90,0,0.7,3.5,25,minor,true
0,93,0.3,1.2,40,A,false
94,0,0.4,1.7,30,B,true
98,0,0.6,2.6,30,B,true
0,100,0.3,1.3,30,B,true
1,87,0.8,3.2,40,A,true
1,90,0.6,3.0,25,minor,true
90,1,0.6,2.4,40,A,true
1,98,0.9,3.9,30,B,true
17,2,0.4,0.7,40,A,false
21,2,0.9,1.5,40,A,false
14,3,1.4,3.5,30,B,false
3,98,0.2,0.9,30,B,false
9,4,0.3,1.5,25,minor,true
12,4,0.7,3.0,30,B,true
4,94,0.4,1.7,30,B,true
5,26,0.6,2.6,30,B,true
5,89,0.4,1.7,30,B,true
89,5,0.4,2.0,25,minor,true
5,91,0.2,1.0,25,minor,false
5,92,0.6,3.0,25,minor,false
99,5,0.3,1.3,30,B,true
16,6,1.5,2.6,40,A,false
6,30,0.8,3.4,30,B,false
6,50,0.3,1.3,30,B,false
6,81,1.0,2.1,30,B,false
7,108,0.3,0.6,30,B,false
8,114,0.5,0.9,40,A,false
8,119,0.3,0.5,40,A,false
8,121,1.1,2.4,30,B,false
9,66,3.0,8.2,25,minor,false
94,9,0.7,3.5,25,minor,true
9,98,1.3,6.5,25,minor,false
10,12,1.2,5.1,30,B,false
10,58,0.5,1.1,30,B,false
10,59,0.5,2.0,40,A,false
10,97,0.4,0.7,40,A,false
41,11,2.1,5.7,25,minor,false
43,11,1.1,3.0,25,minor,false
11,52,0.5,1.4,25,minor,false
12,58,1.2,2.6,30,B,false
13,27,0.8,1.4,40,A,false
13,103,0.4,0.7,40,A,false
14,28,0.6,1.3,30,B,false
14,49,3.9,8.4,30,B,false
15,28,0.8,1.7,30,B,false
15,96,0.8,1.4,40,A,false
16,30,1.0,1.7,40,A,false
16,81,1.2,2.1,40,A,false
16,101,0.5,0.9,40,A,false
34,17,0.7,1.2,40,A,false
17,118,0.9,1.9,30,B,false
18,105,1.4,3.0,30,B,false
18,106,0.4,0.9,30,B,false
19,55,0.3,0.5,40,A,false
19,76,1.0,1.7,40,A,false
20,31,1.8,7.2,40,A,true
20,59,1.7,6.8,40,A,true
20,93,0.2,1.0,25,minor,true
94,20,0.2,0.9,30,B,true
21,47,0.3,0.5,40,A,false
22,109,1.1,1.9,40,A,false
23,74,4.3,9.2,30,B,false
23,75,0.2,0.5,25,minor,false
24,27,1.1,2.4,30,B,false
24,57,0.8,1.7,30,B,false
24,58,0.2,0.4,30,B,false
25,118,0.6,1.3,30,B,false
87,26,1.3,6.5,25,minor,true
26,88,0.7,2.8,40,A,false
26,89,0.5,2.0,40,A,true
89,26,0.5,2.5,25,minor,true
26,92,0.4,1.6,40,A,true
27,57,0.3,0.5,40,A,false
27,97,1.3,2.2,40,A,false
28,49,3.7,7.9,30,B,false
28,96,0.7,1.5,30,B,false
40,29,0.3,0.5,40,A,false
29,79,1.4,3.8,25,minor,false
29,102,0.5,0.9,40,A,false
30,81,0.7,1.9,25,minor,false
30,88,0.6,3.0,25,minor,false
31,59,0.2,1.0,25,minor,false
31,60,1.1,5.5,25,minor,false
31,84,2.1,5.7,25,minor,false
31,93,1.9,7.6,40,A,false
31,97,0.6,1.6,25,minor,false
32,85,0.9,1.9,30,B,false
32,86,1.1,2.4,30,B,false
32,107,0.7,1.5,30,B,false
33,34,0.1,0.2,30,bridge,false
33,114,0.5,0.9,40,A,false
33,116,1.1,2.4,30,B,false
33,121,0.7,1.2,40,A,false
35,36,0.1,0.2,30,bridge,false
35,113,2.0,4.3,30,B,false
35,117,0.7,1.5,30,B,false
36,103,0.5,0.9,40,A,false
36,104,0.2,0.3,40,A,false
37,38,0.1,0.2,30,bridge,false
37,63,0.4,0.9,30,B,false
37,82,3.0,8.2,25,minor,false
37,113,0.4,0.9,30,B,false
38,64,0.8,2.2,25,minor,false
38,84,0.7,1.9,25,minor,false
39,40,0.2,0.5,30,bridge,false
39,109,0.4,0.7,40,A,false
39,110,0.4,0.7,40,A,false
39,111,1.1,2.4,30,B,false
41,42,0.2,0.5,30,bridge,false
41,43,3.1,8.5,25,minor,false
41,53,0.6,1.6,25,minor,false
41,65,2.1,5.7,25,minor,false
42,107,0.2,0.4,30,B,false
43,44,0.1,0.2,30,bridge,false
43,72,0.6,1.3,30,B,false
44,73,0.7,1.9,25,minor,false
45,46,0.2,0.5,30,bridge,false
45,48,0.7,1.2,40,A,false
45,125,2.7,5.8,30,B,false
46,76,1.0,1.7,40,A,false
46,105,1.4,3.0,30,B,false
47,104,0.2,0.3,40,A,false
48,71,1.5,2.6,40,A,false
49,77,4.0,8.6,30,B,false
49,126,0.8,1.7,30,B,false
50,92,0.5,2.1,30,B,false
51,61,1.0,5.0,25,minor,false
51,80,1.4,3.8,25,minor,false
51,91,1.1,5.5,25,minor,false
52,95,0.6,1.6,25,minor,false
53,65,1.6,4.4,25,minor,false
53,81,1.6,4.4,25,minor,false
53,95,1.5,4.1,25,minor,false
54,86,0.5,1.4,25,minor,false
55,56,1.6,2.7,40,A,false
57,67,1.5,4.1,25,minor,false
57,68,2.6,7.1,25,minor,false
57,97,1.1,1.9,40,A,false
59,93,1.8,7.2,40,A,false
60,61,1.1,5.5,25,minor,false
60,84,2.2,6.0,25,minor,false
60,97,1.2,3.3,25,minor,false
61,80,2.1,5.7,25,minor,false
61,93,0.9,4.5,25,minor,false
62,111,1.9,4.1,30,B,false
62,112,0.4,0.9,30,B,false
63,82,2.6,7.1,25,minor,false
63,112,1.6,3.4,30,B,false
63,124,4.2,9.0,30,B,false
64,79,3.8,10.4,25,minor,false
65,101,0.3,0.5,40,A,false
65,102,0.3,0.5,40,A,false
67,68,1.4,3.8,25,minor,false
67,104,1.2,3.3,25,minor,false
68,104,2.4,6.5,25,minor,false
69,115,0.8,2.2,25,minor,false
70,120,1.1,1.9,40,A,false
71,96,0.8,1.4,40,A,false
72,95,1.7,3.6,30,B,false
72,96,0.6,1.3,30,B,false
73,74,4.1,11.2,25,minor,false
73,106,1.2,3.3,25,minor,false
74,75,4.3,9.2,30,B,false
74,85,2.2,4.7,30,B,false
74,106,3.9,10.6,25,minor,false
75,106,5.2,14.2,25,minor,false
76,105,1.4,3.8,25,minor,false
77,127,2.4,6.5,25,minor,false
78,109,1.3,2.8,30,B,false
79,80,0.6,1.6,25,minor,false
79,101,0.7,1.9,25,minor,false
79,102,1.0,2.7,25,minor,false
80,101,0.8,2.2,25,minor,false
81,95,0.4,0.9,30,B,false
82,113,2.9,7.9,25,minor,false
82,124,1.7,4.6,25,minor,false
83,116,1.2,3.3,25,minor,false
83,122,0.5,1.4,25,minor,false
84,97,1.7,4.6,25,minor,false
84,103,1.5,4.1,25,minor,false
86,107,0.6,1.3,30,B,false
86,108,1.5,3.2,30,B,false
87,89,0.8,4.0,25,minor,true
87,90,0.3,1.5,25,minor,true
90,87,0.3,1.2,40,A,true
87,98,0.3,1.3,30,B,true
87,99,0.6,3.0,25,minor,true
88,92,0.4,1.6,40,A,true
89,90,0.6,2.4,40,A,true
89,99,0.4,2.0,25,minor,true
90,98,0.6,2.4,40,A,true
100,90,0.5,2.5,25,minor,true
91,93,0.8,3.4,30,B,false
100,93,0.4,2.0,25,minor,true
100,99,0.3,1.3,30,B,true
108,109,1.2,2.6,30,B,false
110,111,1.1,2.4,30,B,false
110,123,2.8,4.8,40,A,false
112,123,3.3,9.0,25,minor,false
112,124,3.5,9.5,25,minor,false
115,116,0.8,1.7,30,B,false
115,117,0.8,1.7,30,B,false
116,121,1.1,2.4,30,B,false
119,120,1.6,3.4,30,B,false
120,121,0.5,0.9,40,A,false
120,122,1.2,2.6,30,B,false
123,124,2.2,6.0,25,minor,false
125,126,1.8,3.9,30,B,false
125,127,1.0,2.1,30,B,false
20,94,0.2,0.9,30,B,true
94,12,0.7,3.0,30,B,false
98,12,1.0,5.0,30,B,false
