size,edges,operation,median_ms,avg_expanded,list_entries,matrix_mb
128,438,BFS,0.010228,65.5,566,0.131
128,438,Dijkstra-linear,0.022762,73.2,566,0.131
128,438,Dijkstra-heap,0.019312,73.2,566,0.131
128,438,Reachable,0.01885,,566,0.131
128,438,DFT,0.0258,,566,0.131
128,438,BFT,0.0257,,566,0.131
128,438,CriticalJunctions,3.1835,,566,0.131
128,438,CriticalRoads,4.7555,,566,0.131
250,866,BFS,0.01626,126.6,1116,0.5
250,866,Dijkstra-linear,0.041446,115.8,1116,0.5
250,866,Dijkstra-heap,0.02553,115.8,1116,0.5
250,866,Reachable,0.02679,,1116,0.5
250,866,DFT,0.0451,,1116,0.5
250,866,BFT,0.061,,1116,0.5
250,866,CriticalJunctions,9.3231,,1116,0.5
250,866,CriticalRoads,34.0826,,1116,0.5
500,1786,BFS,0.044138,223.5,2286,2
500,1786,Dijkstra-linear,0.137774,268.1,2286,2
500,1786,Dijkstra-heap,0.05503,268.1,2286,2
500,1786,Reachable,0.03269,,2286,2
500,1786,DFT,0.063,,2286,2
500,1786,BFT,0.0828,,2286,2
500,1786,CriticalJunctions,15.4449,,2286,2
500,1786,CriticalRoads,30.0867,,2286,2
1000,3488,BFS,0.038772,483.5,4488,8
1000,3488,Dijkstra-linear,0.421406,518.5,4488,8
1000,3488,Dijkstra-heap,0.077074,518.4,4488,8
1000,3488,Reachable,0.01264,,4488,8
1000,3488,DFT,0.0817,,4488,8
1000,3488,BFT,0.1024,,4488,8
1000,3488,CriticalJunctions,68.0334,,4488,8
1000,3488,CriticalRoads,120.702,,4488,8
2000,6900,BFS,0.05947,962.4,8900,32
2000,6900,Dijkstra-linear,1.165566,979.7,8900,32
2000,6900,Dijkstra-heap,0.14065,979.7,8900,32
2000,6900,Reachable,0.01387,,8900,32
2000,6900,DFT,0.1739,,8900,32
2000,6900,BFT,0.1785,,8900,32
5000,17390,BFS,0.185062,2475.3,22390,200
5000,17390,Dijkstra-linear,6.141818,2114.3,22390,200
5000,17390,Dijkstra-heap,0.409786,2114.4,22390,200
5000,17390,Reachable,0.02648,,22390,200
5000,17390,DFT,0.546,,22390,200
5000,17390,BFT,0.5542,,22390,200
